Workbook

Sheet Guide
B2: Maquette — Outil de Reporting Hebdomadaire de Projets
B5: Principe
B6: Les données (projets, incidents, décisions, risques, opportunités, besoins, finance, autres) sont saisies UNE SEULE FOIS dans les feuilles DB_Elements et DB_Journal. Les feuilles Rapport_EUS et Rapport_MA sont des VUES CALCULÉES : ne rien saisir dedans, tout se met à jour automatiquement.
B9: Pour ajouter un nouvel élément (projet, risque, incident...)
B10: Ajouter une ligne dans le tableau T_Elements (feuille DB_Elements) : ID unique (ex. E016), Scope, Section, Titre, Statut, Owner, et les deux champs libres (leur libellé s'adapte automatiquement selon la Section, voir Config/T_SectionOrder).
B13: Pour ajouter une mise à jour hebdomadaire (ce qui remplace les "Update DD/MM" empilés à la main)
B14: Ajouter une ligne dans le tableau T_Journal (feuille DB_Journal) : ElementID (l'ID de l'élément concerné), Date, Auteur, Texte. La colonne Ligne et l'agrégation dans le rapport se recalculent seules.
B17: Nouveauté de la semaine
B18: Le seuil de date (Config!C3) définit le début de la semaine de référence (Config!C2). Tout élément dont la dernière entrée de journal est postérieure ou égale à ce seuil est surligné automatiquement dans Rapport_EUS / Rapport_MA (colonne "MAJ semaine" + mise en forme conditionnelle).
B21: Clôturer un élément
B22: Passer son Statut à "Clôturé" ou "Annulé" dans DB_Elements : il sort naturellement de la mise en avant mais reste consultable (rien n'est supprimé, l'historique du journal est conservé).
B25: Tableau de bord
... B38: Specifications_Outil_Reporting_Projets.md (cahier des charges détaillé, section 11 = correspondance avec cette maquette).

Sheet Dashboard
B2: Tableau de bord — tous scopes
B3: ="Semaine de reference : "&Config!$C$2
B5: Scope | C5: Projets actifs | D5: Risques critiques (High/High) | E5: Incidents ouverts | F5: MAJ cette semaine
B6: EUS | C6: =COUNTIFS(T_Elements[Scope],"EUS",T_Elements[Section],"Projet",T_Elements[Statut],"Actif") | D6: =COUNTIFS(T_Elements[Scope],"EUS",T_Elements[Section],"Risque",T_Elements[Probabilite],"High",T_Elements[ImpactPotentiel],"High") | E6: =COUNTIFS(T_Elements[Scope],"EUS",T_Elements[Section],"Incident",T_Elements[Statut],"Actif") | F6: =COUNTIFS(T_Elements[Scope],"EUS",T_Elements[MAJSemaineCourante],TRUE)
B7: M&A | C7: =COUNTIFS(T_Elements[Scope],"MA",T_Elements[Section],"Projet",T_Elements[Statut],"Actif") | D7: =COUNTIFS(T_Elements[Scope],"MA",T_Elements[Section],"Risque",T_Elements[Probabilite],"High",T_Elements[ImpactPotentiel],"High") | E7: =COUNTIFS(T_Elements[Scope],"MA",T_Elements[Section],"Incident",T_Elements[Statut],"Actif") | F7: =COUNTIFS(T_Elements[Scope],"MA",T_Elements[MAJSemaineCourante],TRUE)
B8: Total | C8: =SUM(C6:C7) | D8: =SUM(D6:D7) | E8: =SUM(E6:E7) | F8: =SUM(F6:F7)
B28: Alerte : elements sans mise a jour depuis plus de 3 semaines
B29: =COUNTIFS(T_Elements[Statut],"Actif",T_Elements[MAJSemaineCourante],FALSE)

Sheet Config
A1: Paramètres
B2: Semaine de référence (n°) | C2: S28
B3: Début de la semaine de référence (date) | C3: 46216
B4: Année | C4: 2026
A6: Scopes
A7: Code | B7: Nom | C7: Sensibilite
A8: EUS | B8: EUS | C8: C2-Restricted
A9: MA | B9: M&A | C9: C1-Internal
A11: Ordre / libellés par Section
A12: Section | B12: Ordre | C12: Label1 | D12: Label2 | E12: LabelSection
A13: Projet | B13: 1 | C13: Achieved Objectives | D13: Next Steps | E13: 1. Weekly Progress
A14: Incident | B14: 2 | C14: Impact | D14: Actions Taken / Current Status | E14: 2. Major Events - Incidents
A15: Decision | B15: 3 | C15: Reason | D15: Expected Impact | E15: 2. Major Events - Decisions
A16: Risque | B16: 4 | C16: Description du risque | D16: Mitigation Plan | E16: 3. Risks and Opportunities - Risks
A17: Opportunite | B17: 5 | C17: Expected Benefits | D17: Actions to be Taken | E17: 3. Risks and Opportunities - Opportunities
A18: Besoin | B18: 6 | C18: Description | D18: Support demande | E18: 4. Needs and Support
A19: Finance | B19: 7 | C19: Sujet | D19: Impact budgetaire | E19: 5. Finance
A20: Autre | B20: 8 | C20: Sujet | D20: Commentaire | E20: 6. Other Information

Sheet DB_Elements
A1: ID | B1: Scope | C1: Section | D1: NumeroAffiche | E1: Titre | F1: Statut | G1: Owner | H1: Probabilite | I1: ImpactPotentiel | J1: ChampFixe1 | K1: ChampFixe2 | L1: DateCreation | M1: DateCloture | N1: JournalAgrege | O1: MAJSemaineCourante | P1: OrdreSection | Q1: Libelle1Complet | R1: Libelle2Complet | S1: SectionLabelComplet
A2: E001 | B2: EUS | C2: Projet | D2: Project 1 | E2: Rationalisation du parc d'imprimantes | F2: Actif | G2: Responsable A | J2: Perimetre defini ; continuite de service assuree | K2: Point a faire avec la Finance | L2: 46027 | N2: =IFERROR(_xlfn.TEXTJOIN(CHAR(10),TRUE,_xlfn.SORTBY(_xlfn._xlws.FILTER(T_Journal[Ligne],T_Journal[ElementID]=[@ID]),_xlfn._xlws.FILTER(T_Journal[Date],T_Journal[ElementID]=[@ID]),-1)),"") | O2: =IFERROR(_xlfn.MAXIFS(T_Journal[Date],T_Journal[ElementID],[@ID])>=Config!$C$3,FALSE) | P2: =IFERROR(_xlfn.XLOOKUP([@Section],T_SectionOrder[Section],T_SectionOrder[Ordre]),99) | Q2: =IFERROR(_xlfn.XLOOKUP([@Section],T_SectionOrder[Section],T_SectionOrder[Label1])&": "&[@ChampFixe1],[@ChampFixe1]) | R2: =IFERROR(_xlfn.XLOOKUP([@Section],T_SectionOrder[Section],T_SectionOrder[Label2])&": "&[@ChampFixe2],[@ChampFixe2]) | S2: =IFERROR(_xlfn.XLOOKUP([@Section],T_SectionOrder[Section],T_SectionOrder[LabelSection]),[@Section])
A3: E002 | B3: EUS | C3: Projet | D3: Project 4 | E3: Renouvellement contrat operateur mobile | F3: Actif | G3: Responsable A | J3: Perimetre du contrat revu ; premiere reunion avec l'operateur | K3: Finaliser l'etude sur la strategie des terminaux mobiles ; point avec le fabricant en cours | L3: 46027 | N3: =IFERROR(_xlfn.TEXTJOIN(CHAR(10),TRUE,_xlfn.SORTBY(_xlfn._xlws.FILTER(T_Journal[Ligne],T_Journal[ElementID]=[@ID]),_xlfn._xlws.FILTER(T_Journal[Date],T_Journal[ElementID]=[@ID]),-1)),"") | O3: =IFERROR(_xlfn.MAXIFS(T_Journal[Date],T_Journal[ElementID],[@ID])>=Config!$C$3,FALSE) | P3: =IFERROR(_xlfn.XLOOKUP([@Section],T_SectionOrder[Section],T_SectionOrder[Ordre]),99) | Q3: =IFERROR(_xlfn.XLOOKUP([@Section],T_SectionOrder[Section],T_SectionOrder[Label1])&": "&[@ChampFixe1],[@ChampFixe1]) | R3: =IFERROR(_xlfn.XLOOKUP([@Section],T_SectionOrder[Section],T_SectionOrder[Label2])&": "&[@ChampFixe2],[@ChampFixe2]) | S3: =IFERROR(_xlfn.XLOOKUP([@Section],T_SectionOrder[Section],T_SectionOrder[LabelSection]),[@Section])
A4: E003 | B4: EUS | C4: Projet | D4: Project 7 | E4: Catalogue de laptops | F4: Actif | G4: Responsable A | J4: Nouveau catalogue defini pour les differents profils utilisateurs | K4: Passer les commandes | L4: 46027 | N4: =IFERROR(_xlfn.TEXTJOIN(CHAR(10),TRUE,_xlfn.SORTBY(_xlfn._xlws.FILTER(T_Journal[Ligne],T_Journal[ElementID]=[@ID]),_xlfn._xlws.FILTER(T_Journal[Date],T_Journal[ElementID]=[@ID]),-1)),"") | O4: =IFERROR(_xlfn.MAXIFS(T_Journal[Date],T_Journal[ElementID],[@ID])>=Config!$C$3,FALSE) | P4: =IFERROR(_xlfn.XLOOKUP([@Section],T_SectionOrder[Section],T_SectionOrder[Ordre]),99) | Q4: =IFERROR(_xlfn.XLOOKUP([@Section],T_SectionOrder[Section],T_SectionOrder[Label1])&": "&[@ChampFixe1],[@ChampFixe1]) | R4: =IFERROR(_xlfn.XLOOKUP([@Section],T_SectionOrder[Section],T_SectionOrder[Label2])&": "&[@ChampFixe2],[@ChampFixe2]) | S4: =IFERROR(_xlfn.XLOOKUP([@Section],T_SectionOrder[Section],T_SectionOrder[LabelSection]),[@Section])
A5: E004 | B5: EUS | C5: Incident | D5: Incident 4 | E5: Perte d'un ordinateur portable (Collaborateur A) | F5: Actif | G5: Responsable A | J5: Donnees sensibles - materiel bloque a distance | K5: Revue reguliere de connexion reseau | L5: 46146 | N5: =IFERROR(_xlfn.TEXTJOIN(CHAR(10),TRUE,_xlfn.SORTBY(_xlfn._xlws.FILTER(T_Journal[Ligne],T_Journal[ElementID]=[@ID]),_xlfn._xlws.FILTER(T_Journal[Date],T_Journal[ElementID]=[@ID]),-1)),"") | O5: =IFERROR(_xlfn.MAXIFS(T_Journal[Date],T_Journal[ElementID],[@ID])>=Config!$C$3,FALSE) | P5: =IFERROR(_xlfn.XLOOKUP([@Section],T_SectionOrder[Section],T_SectionOrder[Ordre]),99) | Q5: =IFERROR(_xlfn.XLOOKUP([@Section],T_SectionOrder[Section],T_SectionOrder[Label1])&": "&[@ChampFixe1],[@ChampFixe1]) | R5: =IFERROR(_xlfn.XLOOKUP([@Section],T_SectionOrder[Section],T_SectionOrder[Label2])&": "&[@ChampFixe2],[@ChampFixe2]) | S5: =IFERROR(_xlfn.XLOOKUP([@Section],T_SectionOrder[Section],T_SectionOrder[LabelSection]),[@Section])
A6: E005 | B6: EUS | C6: Incident | D6: Incident 5 | E6: Panne reseau - Site B | F6: Cloture | G6: Responsable A | J6: Certains points d'acces hors service suite a une coupure | L6: 46171 | M6: 46188 | N6: =IFERROR(_xlfn.TEXTJOIN(CHAR(10),TRUE,_xlfn.SORTBY(_xlfn._xlws.FILTER(T_Journal[Ligne],T_Journal[ElementID]=[@ID]),_xlfn._xlws.FILTER(T_Journal[Date],T_Journal[ElementID]=[@ID]),-1)),"") | O6: =IFERROR(_xlfn.MAXIFS(T_Journal[Date],T_Journal[ElementID],[@ID])>=Config!$C$3,FALSE) | P6: =IFERROR(_xlfn.XLOOKUP([@Section],T_SectionOrder[Section],T_SectionOrder[Ordre]),99) | Q6: =IFERROR(_xlfn.XLOOKUP([@Section],T_SectionOrder[Section],T_SectionOrder[Label1])&": "&[@ChampFixe1],[@ChampFixe1]) | R6: =IFERROR(_xlfn.XLOOKUP([@Section],T_SectionOrder[Section],T_SectionOrder[Label2])&": "&[@ChampFixe2],[@ChampFixe2]) | S6: =IFERROR(_xlfn.XLOOKUP([@Section],T_SectionOrder[Section],T_SectionOrder[LabelSection]),[@Section])
A7: E006 | B7: EUS | C7: Risque | D7: Risk 4 | E7: Installation d'applications hors catalogue | F7: Actif | G7: Responsable A | H7: High | I7: Medium | J7: Absence de catalogue officiel d'applications autorisees sur poste corporate | K7: Retirer l'option libre-service ; construire un catalogue officiel | L7: 46066 | N7: =IFERROR(_xlfn.TEXTJOIN(CHAR(10),TRUE,_xlfn.SORTBY(_xlfn._xlws.FILTER(T_Journal[Ligne],T_Journal[ElementID]=[@ID]),_xlfn._xlws.FILTER(T_Journal[Date],T_Journal[ElementID]=[@ID]),-1)),"") | O7: =IFERROR(_xlfn.MAXIFS(T_Journal[Date],T_Journal[ElementID],[@ID])>=Config!$C$3,FALSE) | P7: =IFERROR(_xlfn.XLOOKUP([@Section],T_SectionOrder[Section],T_SectionOrder[Ordre]),99) | Q7: =IFERROR(_xlfn.XLOOKUP([@Section],T_SectionOrder[Section],T_SectionOrder[Label1])&": "&[@ChampFixe1],[@ChampFixe1]) | R7: =IFERROR(_xlfn.XLOOKUP([@Section],T_SectionOrder[Section],T_SectionOrder[Label2])&": "&[@ChampFixe2],[@ChampFixe2]) | S7: =IFERROR(_xlfn.XLOOKUP([@Section],T_SectionOrder[Section],T_SectionOrder[LabelSection]),[@Section])
A8: E007 | B8: EUS | C8: Risque | D8: Risk 5 | E8: Hausse du prix des smartphones | F8: Actif | G8: Responsable A | H8: High | I8: High | J8: Impact sur la strategie de cycle de vie des mobiles (3 vs 5 ans) | K8: Etudier l'impact de la hausse annoncee par le fabricant ; replanifier le plan 2026 si besoin | L8: 46082 | N8: =IFERROR(_xlfn.TEXTJOIN(CHAR(10),TRUE,_xlfn.SORTBY(_xlfn._xlws.FILTER(T_Journal[Ligne],T_Journal[ElementID]=[@ID]),_xlfn._xlws.FILTER(T_Journal[Date],T_Journal[ElementID]=[@ID]),-1)),"") | O8: =IFERROR(_xlfn.MAXIFS(T_Journal[Date],T_Journal[ElementID],[@ID])>=Config!$C$3,FALSE) | P8: =IFERROR(_xlfn.XLOOKUP([@Section],T_SectionOrder[Section],T_SectionOrder[Ordre]),99) | Q8: =IFERROR(_xlfn.XLOOKUP([@Section],T_SectionOrder[Section],T_SectionOrder[Label1])&": "&[@ChampFixe1],[@ChampFixe1]) | R8: =IFERROR(_xlfn.XLOOKUP([@Section],T_SectionOrder[Section],T_SectionOrder[Label2])&": "&[@ChampFixe2],[@ChampFixe2]) | S8: =IFERROR(_xlfn.XLOOKUP([@Section],T_SectionOrder[Section],T_SectionOrder[LabelSection]),[@Section])
A9: E008 | B9: EUS | C9: Decision | D9: Decision 1 | E9: Reunion sur site avec une filiale etrangere | F9: Cloture | G9: Responsable A | J9: Confirmer la date et l'agenda de la reunion | L9: 46160 | M9: 46199 | N9: =IFERROR(_xlfn.TEXTJOIN(CHAR(10),TRUE,_xlfn.SORTBY(_xlfn._xlws.FILTER(T_Journal[Ligne],T_Journal[ElementID]=[@ID]),_xlfn._xlws.FILTER(T_Journal[Date],T_Journal[ElementID]=[@ID]),-1)),"") | O9: =IFERROR(_xlfn.MAXIFS(T_Journal[Date],T_Journal[ElementID],[@ID])>=Config!$C$3,FALSE) | P9: =IFERROR(_xlfn.XLOOKUP([@Section],T_SectionOrder[Section],T_SectionOrder[Ordre]),99) | Q9: =IFERROR(_xlfn.XLOOKUP([@Section],T_SectionOrder[Section],T_SectionOrder[Label1])&": "&[@ChampFixe1],[@ChampFixe1]) | R9: =IFERROR(_xlfn.XLOOKUP([@Section],T_SectionOrder[Section],T_SectionOrder[Label2])&": "&[@ChampFixe2],[@ChampFixe2]) | S9: =IFERROR(_xlfn.XLOOKUP([@Section],T_SectionOrder[Section],T_SectionOrder[LabelSection]),[@Section])
A10: E009 | B10: EUS | C10: Finance | D10: Bcase | E10: Impacts a venir sur le budget Laptop | F10: Actif | G10: Responsable A | J10: Achat de materiel specifique hors budget initial | K10: Suivi des demandes complementaires | L10: 46192 | N10: =IFERROR(_xlfn.TEXTJOIN(CHAR(10),TRUE,_xlfn.SORTBY(_xlfn._xlws.FILTER(T_Journal[Ligne],T_Journal[ElementID]=[@ID]),_xlfn._xlws.FILTER(T_Journal[Date],T_Journal[ElementID]=[@ID]),-1)),"") | O10: =IFERROR(_xlfn.MAXIFS(T_Journal[Date],T_Journal[ElementID],[@ID])>=Config!$C$3,FALSE) | P10: =IFERROR(_xlfn.XLOOKUP([@Section],T_SectionOrder[Section],T_SectionOrder[Ordre]),99) | Q10: =IFERROR(_xlfn.XLOOKUP([@Section],T_SectionOrder[Section],T_SectionOrder[Label1])&": "&[@ChampFixe1],[@ChampFixe1]) | R10: =IFERROR(_xlfn.XLOOKUP([@Section],T_SectionOrder[Section],T_SectionOrder[Label2])&": "&[@ChampFixe2],[@ChampFixe2]) | S10: =IFERROR(_xlfn.XLOOKUP([@Section],T_SectionOrder[Section],T_SectionOrder[LabelSection]),[@Section])
A11: E012 | B11: MA | C11: Projet | D11: Project 24 | E11: Suivi du pipeline d'acquisitions | F11: Actif | G11: Responsable A | J11: Suivi de plusieurs dossiers d'acquisition en cours | K11: N/A | L11: 46027 | N11: =IFERROR(_xlfn.TEXTJOIN(CHAR(10),TRUE,_xlfn.SORTBY(_xlfn._xlws.FILTER(T_Journal[Ligne],T_Journal[ElementID]=[@ID]),_xlfn._xlws.FILTER(T_Journal[Date],T_Journal[ElementID]=[@ID]),-1)),"") | O11: =IFERROR(_xlfn.MAXIFS(T_Journal[Date],T_Journal[ElementID],[@ID])>=Config!$C$3,FALSE) | P11: =IFERROR(_xlfn.XLOOKUP([@Section],T_SectionOrder[Section],T_SectionOrder[Ordre]),99) | Q11: =IFERROR(_xlfn.XLOOKUP([@Section],T_SectionOrder[Section],T_SectionOrder[Label1])&": "&[@ChampFixe1],[@ChampFixe1]) | R11: =IFERROR(_xlfn.XLOOKUP([@Section],T_SectionOrder[Section],T_SectionOrder[Label2])&": "&[@ChampFixe2],[@ChampFixe2]) | S11: =IFERROR(_xlfn.XLOOKUP([@Section],T_SectionOrder[Section],T_SectionOrder[LabelSection]),[@Section])
A12: E013 | B12: MA | C12: Projet | D12: Project 21 | E12: IT Diligence - Cible A | F12: Actif | G12: Responsable A | J12: Scenario de fusion confirme cote acheteur | K12: Planifier les ateliers d'analyse des ecarts (GAP) | L12: 46157 | N12: =IFERROR(_xlfn.TEXTJOIN(CHAR(10),TRUE,_xlfn.SORTBY(_xlfn._xlws.FILTER(T_Journal[Ligne],T_Journal[ElementID]=[@ID]),_xlfn._xlws.FILTER(T_Journal[Date],T_Journal[ElementID]=[@ID]),-1)),"") | O12: =IFERROR(_xlfn.MAXIFS(T_Journal[Date],T_Journal[ElementID],[@ID])>=Config!$C$3,FALSE) | P12: =IFERROR(_xlfn.XLOOKUP([@Section],T_SectionOrder[Section],T_SectionOrder[Ordre]),99) | Q12: =IFERROR(_xlfn.XLOOKUP([@Section],T_SectionOrder[Section],T_SectionOrder[Label1])&": "&[@ChampFixe1],[@ChampFixe1]) | R12: =IFERROR(_xlfn.XLOOKUP([@Section],T_SectionOrder[Section],T_SectionOrder[Label2])&": "&[@ChampFixe2],[@ChampFixe2]) | S12: =IFERROR(_xlfn.XLOOKUP([@Section],T_SectionOrder[Section],T_SectionOrder[LabelSection]),[@Section])
A13: E014 | B13: MA | C13: Projet | D13: Project 30 | E13: IT Diligence - Cible B | F13: Actif | G13: Responsable A | J13: Nouveau dossier en due diligence IT complete, calendrier serre | K13: Pas d'action de court terme planifiee | L13: 46161 | N13: =IFERROR(_xlfn.TEXTJOIN(CHAR(10),TRUE,_xlfn.SORTBY(_xlfn._xlws.FILTER(T_Journal[Ligne],T_Journal[ElementID]=[@ID]),_xlfn._xlws.FILTER(T_Journal[Date],T_Journal[ElementID]=[@ID]),-1)),"") | O13: =IFERROR(_xlfn.MAXIFS(T_Journal[Date],T_Journal[ElementID],[@ID])>=Config!$C$3,FALSE) | P13: =IFERROR(_xlfn.XLOOKUP([@Section],T_SectionOrder[Section],T_SectionOrder[Ordre]),99) | Q13: =IFERROR(_xlfn.XLOOKUP([@Section],T_SectionOrder[Section],T_SectionOrder[Label1])&": "&[@ChampFixe1],[@ChampFixe1]) | R13: =IFERROR(_xlfn.XLOOKUP([@Section],T_SectionOrder[Section],T_SectionOrder[Label2])&": "&[@ChampFixe2],[@ChampFixe2]) | S13: =IFERROR(_xlfn.XLOOKUP([@Section],T_SectionOrder[Section],T_SectionOrder[LabelSection]),[@Section])
A14: E015 | B14: MA | C14: Risque | D14: Risk 15 | E14: Cession d'une filiale sans plan de separation | F14: Actif | G14: Responsable A | H14: Medium | I14: High | J14: La direction de l'entite concernee n'est pas informee du sujet | K14: Preparer le plan avec l'entite concernee | L14: 46174 | N14: =IFERROR(_xlfn.TEXTJOIN(CHAR(10),TRUE,_xlfn.SORTBY(_xlfn._xlws.FILTER(T_Journal[Ligne],T_Journal[ElementID]=[@ID]),_xlfn._xlws.FILTER(T_Journal[Date],T_Journal[ElementID]=[@ID]),-1)),"") | O14: =IFERROR(_xlfn.MAXIFS(T_Journal[Date],T_Journal[ElementID],[@ID])>=Config!$C$3,FALSE) | P14: =IFERROR(_xlfn.XLOOKUP([@Section],T_SectionOrder[Section],T_SectionOrder[Ordre]),99) | Q14: =IFERROR(_xlfn.XLOOKUP([@Section],T_SectionOrder[Section],T_SectionOrder[Label1])&": "&[@ChampFixe1],[@ChampFixe1]) | R14: =IFERROR(_xlfn.XLOOKUP([@Section],T_SectionOrder[Section],T_SectionOrder[Label2])&": "&[@ChampFixe2],[@ChampFixe2]) | S14: =IFERROR(_xlfn.XLOOKUP([@Section],T_SectionOrder[Section],T_SectionOrder[LabelSection]),[@Section])
A15: E016 | B15: MA | C15: Opportunite | D15: Opportunity 1 | E15: Mutualisation de la methodologie Due Diligence | F15: Actif | G15: Responsable A | J15: Reutiliser le cadre IT Due Dil sur les futurs dossiers | K15: Formaliser le cadre pour les auditeurs externes | L15: 46202 | N15: =IFERROR(_xlfn.TEXTJOIN(CHAR(10),TRUE,_xlfn.SORTBY(_xlfn._xlws.FILTER(T_Journal[Ligne],T_Journal[ElementID]=[@ID]),_xlfn._xlws.FILTER(T_Journal[Date],T_Journal[ElementID]=[@ID]),-1)),"") | O15: =IFERROR(_xlfn.MAXIFS(T_Journal[Date],T_Journal[ElementID],[@ID])>=Config!$C$3,FALSE) | P15: =IFERROR(_xlfn.XLOOKUP([@Section],T_SectionOrder[Section],T_SectionOrder[Ordre]),99) | Q15: =IFERROR(_xlfn.XLOOKUP([@Section],T_SectionOrder[Section],T_SectionOrder[Label1])&": "&[@ChampFixe1],[@ChampFixe1]) | R15: =IFERROR(_xlfn.XLOOKUP([@Section],T_SectionOrder[Section],T_SectionOrder[Label2])&": "&[@ChampFixe2],[@ChampFixe2]) | S15: =IFERROR(_xlfn.XLOOKUP([@Section],T_SectionOrder[Section],T_SectionOrder[LabelSection]),[@Section])

Sheet DB_Journal
A1: JournalID | B1: ElementID | C1: Date | D1: Semaine | E1: Auteur | F1: Texte | G1: Ligne
A2: J001 | B2: E001 | C2: 46181 | D2: =IF([@Date]="","","S"&_xlfn.ISOWEEKNUM([@Date])) | E2: RSP | F2: Perimetre du materiel a retirer verifie et confirme par le support | G2: =IF([@Date]="","","Update "&TEXT([@Date],"DD/MM")&" : "&[@Texte])
A3: J002 | B3: E001 | C3: 46188 | D3: =IF([@Date]="","","S"&_xlfn.ISOWEEKNUM([@Date])) | E3: RSP | F3: Prochaine action prevue la semaine suivante | G3: =IF([@Date]="","","Update "&TEXT([@Date],"DD/MM")&" : "&[@Texte])
A4: J003 | B4: E001 | C4: 46199 | D4: =IF([@Date]="","","S"&_xlfn.ISOWEEKNUM([@Date])) | E4: RSP | F4: Feu vert de la direction pour lancer l'operation de rationalisation | G4: =IF([@Date]="","","Update "&TEXT([@Date],"DD/MM")&" : "&[@Texte])
A5: J004 | B5: E001 | C5: 46209 | D5: =IF([@Date]="","","S"&_xlfn.ISOWEEKNUM([@Date])) | E5: RSP | F5: Communication envoyee au prestataire pour resilier le support sur les equipements concernes | G5: =IF([@Date]="","","Update "&TEXT([@Date],"DD/MM")&" : "&[@Texte])
A6: J005 | B6: E001 | C6: 46216 | D6: =IF([@Date]="","","S"&_xlfn.ISOWEEKNUM([@Date])) | E6: RSP | F6: Demande envoyee au prestataire pour un devis optimise sur l'enlevement du materiel | G6: =IF([@Date]="","","Update "&TEXT([@Date],"DD/MM")&" : "&[@Texte])
A7: J006 | B7: E002 | C7: 46188 | D7: =IF([@Date]="","","S"&_xlfn.ISOWEEKNUM([@Date])) | E7: RSP | F7: Date de bascule confirmee avec l'operateur | G7: =IF([@Date]="","","Update "&TEXT([@Date],"DD/MM")&" : "&[@Texte])
A8: J007 | B8: E002 | C8: 46199 | D8: =IF([@Date]="","","S"&_xlfn.ISOWEEKNUM([@Date])) | E8: RSP | F8: Cartes SIM envoyees aux utilisateurs | G8: =IF([@Date]="","","Update "&TEXT([@Date],"DD/MM")&" : "&[@Texte])
A9: J008 | B9: E002 | C9: 46209 | D9: =IF([@Date]="","","S"&_xlfn.ISOWEEKNUM([@Date])) | E9: RSP | F9: Une dizaine d'utilisateurs n'ont pas recu leur nouvelle carte SIM apres escalade | G9: =IF([@Date]="","","Update "&TEXT([@Date],"DD/MM")&" : "&[@Texte])
A10: J009 | B10: E002 | C10: 46216 | D10: =IF([@Date]="","","S"&_xlfn.ISOWEEKNUM([@Date])) | E10: RSP | F10: Portabilite realisee ; point avec le fabricant en cours | G10: =IF([@Date]="","","Update "&TEXT([@Date],"DD/MM")&" : "&[@Texte])
A11: J010 | B11: E003 | C11: 46192 | D11: =IF([@Date]="","","S"&_xlfn.ISOWEEKNUM([@Date])) | E11: RSP | F11: L'equipe Workplace a lance l'integration du nouveau materiel | G11: =IF([@Date]="","","Update "&TEXT([@Date],"DD/MM")&" : "&[@Texte])
A12: J011 | B12: E003 | C12: 46209 | D12: =IF([@Date]="","","S"&_xlfn.ISOWEEKNUM([@Date])) | E12: RSP | F12: Appel d'offres achat annule - aucune action supplementaire | G12: =IF([@Date]="","","Update "&TEXT([@Date],"DD/MM")&" : "&[@Texte])
A13: J012 | B13: E003 | C13: 46216 | D13: =IF([@Date]="","","S"&_xlfn.ISOWEEKNUM([@Date])) | E13: RSP | F13: Achat de 2 unites specifiques confirme | G13: =IF([@Date]="","","Update "&TEXT([@Date],"DD/MM")&" : "&[@Texte])
... A37: J036 | B37: E016 | C37: 46216 | D37: =IF([@Date]="","","S"&_xlfn.ISOWEEKNUM([@Date])) | E37: RSP | F37: Cadre considere mature - formalisation pour les auditeurs visee fin de mois | G37: =IF([@Date]="","","Update "&TEXT([@Date],"DD/MM")&" : "&[@Texte])

Sheet Rapport_EUS
B1: Weekly Report — EUS
B2: Manager Name | C2: Responsable A | D2: Scope | E2: EUS | F2: Week of | G2: =Config!$C$2 | H2: Sensitivity | I2: =_xlfn.XLOOKUP($E$2,T_Scopes[Code],T_Scopes[Sensibilite])
B5: Section | C5: N° | D5: Titre | E5: Statut | F5: Owner | G5: Champ 1 | H5: Journal (mises a jour, plus recentes en premier) | I5: Champ 2 | J5: MAJ semaine
B6: =_xlfn.SORTBY(_xlfn.HSTACK(_xlfn._xlws.FILTER(T_Elements[SectionLabelComplet],T_Elements[Scope]=$E$2),_xlfn._xlws.FILTER(T_Elements[NumeroAffiche],T_Elements[Scope]=$E$2),_xlfn._xlws.FILTER(T_Elements[Titre],T_Elements[Scope]=$E$2),_xlfn._xlws.FILTER(T_Elements[Statut],T_Elements[Scope]=$E$2),_xlfn._xlws.FILTER(T_Elements[Owner],T_Elements[Scope]=$E$2),_xlfn._xlws.FILTER(T_Elements[Libelle1Complet],T_Elements[Scope]=$E$2),_xlfn._xlws.FILTER(T_Elements[JournalAgrege],T_Elements[Scope]=$E$2),_xlfn._xlws.FILTER(T_Elements[Libelle2Complet],T_Elements[Scope]=$E$2),_xlfn._xlws.FILTER(T_Elements[MAJSemaineCourante],T_Elements[Scope]=$E$2)),_xlfn._xlws.FILTER(T_Elements[OrdreSection],T_Elements[Scope]=$E$2),1,_xlfn._xlws.FILTER(T_Elements[NumeroAffiche],T_Elements[Scope]=$E$2),1)
B67: ="Sensitivity: "&I2

Sheet Rapport_MA
B1: Weekly Report — M&A
B2: Manager Name | C2: Responsable A | D2: Scope | E2: MA | F2: Week of | G2: =Config!$C$2 | H2: Sensitivity | I2: =_xlfn.XLOOKUP($E$2,T_Scopes[Code],T_Scopes[Sensibilite])
B5: Section | C5: N° | D5: Titre | E5: Statut | F5: Owner | G5: Champ 1 | H5: Journal (mises a jour, plus recentes en premier) | I5: Champ 2 | J5: MAJ semaine
B6: =_xlfn.SORTBY(_xlfn.HSTACK(_xlfn._xlws.FILTER(T_Elements[SectionLabelComplet],T_Elements[Scope]=$E$2),_xlfn._xlws.FILTER(T_Elements[NumeroAffiche],T_Elements[Scope]=$E$2),_xlfn._xlws.FILTER(T_Elements[Titre],T_Elements[Scope]=$E$2),_xlfn._xlws.FILTER(T_Elements[Statut],T_Elements[Scope]=$E$2),_xlfn._xlws.FILTER(T_Elements[Owner],T_Elements[Scope]=$E$2),_xlfn._xlws.FILTER(T_Elements[Libelle1Complet],T_Elements[Scope]=$E$2),_xlfn._xlws.FILTER(T_Elements[JournalAgrege],T_Elements[Scope]=$E$2),_xlfn._xlws.FILTER(T_Elements[Libelle2Complet],T_Elements[Scope]=$E$2),_xlfn._xlws.FILTER(T_Elements[MAJSemaineCourante],T_Elements[Scope]=$E$2)),_xlfn._xlws.FILTER(T_Elements[OrdreSection],T_Elements[Scope]=$E$2),1,_xlfn._xlws.FILTER(T_Elements[NumeroAffiche],T_Elements[Scope]=$E$2),1)
B67: ="Sensitivity: "&I2
